run_id,model,tc_bps,freq_min,reward,status,duration_seconds,cvar_95,final_reward,gan_d_loss,gan_g_loss
c_static_tc0bps_freq1min_cvar95,c_static,0,1,cvar95,completed,62.839511,136.82325598051708,12.873334664927203,1.378698706626892,0.6989256143569946
c_static_tc0bps_freq8min_cvar95,c_static,0,8,cvar95,completed,63.065919,136.82325598051708,12.873334664927203,1.378698706626892,0.6989256143569946
c_static_tc0bps_freq30min_cvar95,c_static,0,30,cvar95,completed,63.700285,136.82325598051708,12.873334664927203,1.378698706626892,0.6989256143569946
c_static_tc2bps_freq1min_cvar95,c_static,2,1,cvar95,completed,64.278608,78.44711605342412,5.995246506136287,1.378698706626892,0.6989256143569946
c_static_tc2bps_freq8min_cvar95,c_static,2,8,cvar95,completed,65.538443,78.44711605342412,5.995246506136287,1.378698706626892,0.6989256143569946
c_static_tc2bps_freq30min_cvar95,c_static,2,30,cvar95,completed,64.915391,78.44711605342412,5.995246506136287,1.378698706626892,0.6989256143569946
c_static_tc10bps_freq1min_cvar95,c_static,10,1,cvar95,completed,64.515695,119.61375632116523,11.04684269396771,1.378698706626892,0.6989256143569946
c_static_tc10bps_freq8min_cvar95,c_static,10,8,cvar95,completed,64.166167,119.61375632116523,11.04684269396771,1.378698706626892,0.6989256143569946
c_static_tc10bps_freq30min_cvar95,c_static,10,30,cvar95,completed,63.761118,119.61375632116523,11.04684269396771,1.378698706626892,0.6989256143569946
